{
  "best_global_step": null,
  "best_metric": null,
  "best_model_checkpoint": null,
  "epoch": 0.7952286282306164,
  "eval_steps": 500,
  "global_step": 100,
  "is_hyper_param_search": false,
  "is_local_process_zero": true,
  "is_world_process_zero": true,
  "log_history": [
    {
      "epoch": 0.07952286282306163,
      "grad_norm": 1.112533450126648,
      "learning_rate": 4.642857142857143e-05,
      "logits/chosen": -1.6887325048446655,
      "logits/rejected": -1.0409729480743408,
      "logps/chosen": -309.16607666015625,
      "logps/rejected": -80.8240966796875,
      "loss": 0.28555145263671877,
      "rewards/accuracies": 0.893750011920929,
      "rewards/chosen": 3.1898200511932373,
      "rewards/margins": 3.1148180961608887,
      "rewards/rejected": 0.07500234246253967,
      "step": 10
    },
    {
      "epoch": 0.15904572564612326,
      "grad_norm": 0.8961424231529236,
      "learning_rate": 4.2460317460317464e-05,
      "logits/chosen": -1.5354198217391968,
      "logits/rejected": -1.0012935400009155,
      "logps/chosen": -255.1967010498047,
      "logps/rejected": -79.27857208251953,
      "loss": 0.21825675964355468,
      "rewards/accuracies": 0.96875,
      "rewards/chosen": 2.755119562149048,
      "rewards/margins": 2.679377794265747,
      "rewards/rejected": 0.07574184983968735,
      "step": 20
    },
    {
      "epoch": 0.23856858846918488,
      "grad_norm": 0.777395486831665,
      "learning_rate": 3.84920634920635e-05,
      "logits/chosen": -1.6934642791748047,
      "logits/rejected": -1.232456922531128,
      "logps/chosen": -278.411865234375,
      "logps/rejected": -80.13937377929688,
      "loss": 0.1319870114326477,
      "rewards/accuracies": 0.981249988079071,
      "rewards/chosen": 3.953451633453369,
      "rewards/margins": 3.726311206817627,
      "rewards/rejected": 0.22714057564735413,
      "step": 30
    },
    {
      "epoch": 0.31809145129224653,
      "grad_norm": 0.5688788294792175,
      "learning_rate": 3.4523809523809526e-05,
      "logits/chosen": -1.559238076210022,
      "logits/rejected": -1.1061937808990479,
      "logps/chosen": -244.47207641601562,
      "logps/rejected": -77.83236694335938,
      "loss": 0.12443979978561401,
      "rewards/accuracies": 0.981249988079071,
      "rewards/chosen": 3.443743944168091,
      "rewards/margins": 3.3279807567596436,
      "rewards/rejected": 0.11576288938522339,
      "step": 40
    },
    {
      "epoch": 0.3976143141153082,
      "grad_norm": 0.30015188455581665,
      "learning_rate": 3.055555555555556e-05,
      "logits/chosen": -1.724898338317871,
      "logits/rejected": -1.1763184070587158,
      "logps/chosen": -307.95050048828125,
      "logps/rejected": -87.5667724609375,
      "loss": 0.0826919436454773,
      "rewards/accuracies": 0.987500011920929,
      "rewards/chosen": 4.050270080566406,
      "rewards/margins": 3.936290740966797,
      "rewards/rejected": 0.11397910118103027,
      "step": 50
    },
    {
      "epoch": 0.47713717693836977,
      "grad_norm": 0.559011697769165,
      "learning_rate": 2.6587301587301588e-05,
      "logits/chosen": -1.6521602869033813,
      "logits/rejected": -1.1937615871429443,
      "logps/chosen": -253.3140106201172,
      "logps/rejected": -84.27726745605469,
      "loss": 0.06941975355148315,
      "rewards/accuracies": 1.0,
      "rewards/chosen": 3.824115753173828,
      "rewards/margins": 3.7150490283966064,
      "rewards/rejected": 0.10906732082366943,
      "step": 60
    },
    {
      "epoch": 0.5566600397614314,
      "grad_norm": 0.29242682456970215,
      "learning_rate": 2.261904761904762e-05,
      "logits/chosen": -1.6068572998046875,
      "logits/rejected": -1.044616460800171,
      "logps/chosen": -258.65191650390625,
      "logps/rejected": -82.0445556640625,
      "loss": 0.05723183751106262,
      "rewards/accuracies": 1.0,
      "rewards/chosen": 3.6966347694396973,
      "rewards/margins": 3.732501268386841,
      "rewards/rejected": -0.035865865647792816,
      "step": 70
    },
    {
      "epoch": 0.6361829025844931,
      "grad_norm": 0.20242081582546234,
      "learning_rate": 1.8650793650793654e-05,
      "logits/chosen": -1.7052459716796875,
      "logits/rejected": -1.1567537784576416,
      "logps/chosen": -279.5093688964844,
      "logps/rejected": -81.26639556884766,
      "loss": 0.05176384449005127,
      "rewards/accuracies": 1.0,
      "rewards/chosen": 4.270280361175537,
      "rewards/margins": 4.267232418060303,
      "rewards/rejected": 0.0030476481188088655,
      "step": 80
    },
    {
      "epoch": 0.7157057654075547,
      "grad_norm": 0.39336633682250977,
      "learning_rate": 1.4682539682539683e-05,
      "logits/chosen": -1.7643194198608398,
      "logits/rejected": -1.3038684129714966,
      "logps/chosen": -331.03668212890625,
      "logps/rejected": -89.65272521972656,
      "loss": 0.06175678372383118,
      "rewards/accuracies": 1.0,
      "rewards/chosen": 4.500488758087158,
      "rewards/margins": 4.421306610107422,
      "rewards/rejected": 0.0791819840669632,
      "step": 90
    },
    {
      "epoch": 0.7952286282306164,
      "grad_norm": 0.4667055308818817,
      "learning_rate": 1.0714285714285714e-05,
      "logits/chosen": -1.6771154403686523,
      "logits/rejected": -1.136330246925354,
      "logps/chosen": -281.7903747558594,
      "logps/rejected": -77.59132385253906,
      "loss": 0.047009310126304625,
      "rewards/accuracies": 1.0,
      "rewards/chosen": 4.384434223175049,
      "rewards/margins": 4.4696855545043945,
      "rewards/rejected": -0.08525092899799347,
      "step": 100
    }
  ],
  "logging_steps": 10,
  "max_steps": 126,
  "num_input_tokens_seen": 0,
  "num_train_epochs": 1,
  "save_steps": 100,
  "stateful_callbacks": {
    "TrainerControl": {
      "args": {
        "should_epoch_stop": false,
        "should_evaluate": false,
        "should_log": false,
        "should_save": true,
        "should_training_stop": false
      },
      "attributes": {}
    }
  },
  "total_flos": 0.0,
  "train_batch_size": 2,
  "trial_name": null,
  "trial_params": null
}
