{
  "best_global_step": null,
  "best_metric": null,
  "best_model_checkpoint": null,
  "epoch": 0.8281573498964804,
  "eval_steps": 500,
  "global_step": 100,
  "is_hyper_param_search": false,
  "is_local_process_zero": true,
  "is_world_process_zero": true,
  "log_history": [
    {
      "epoch": 0.08281573498964803,
      "grad_norm": 1.3486716747283936,
      "learning_rate": 4.6280991735537196e-05,
      "logits/chosen": -1.6234210729599,
      "logits/rejected": -1.16188645362854,
      "logps/chosen": -283.19232177734375,
      "logps/rejected": -88.76594543457031,
      "loss": 0.29218344688415526,
      "rewards/accuracies": 0.8812500238418579,
      "rewards/chosen": 3.05735182762146,
      "rewards/margins": 2.9141623973846436,
      "rewards/rejected": 0.14318957924842834,
      "step": 10
    },
    {
      "epoch": 0.16563146997929606,
      "grad_norm": 0.94870924949646,
      "learning_rate": 4.214876033057851e-05,
      "logits/chosen": -1.6347131729125977,
      "logits/rejected": -1.0513379573822021,
      "logps/chosen": -303.1337890625,
      "logps/rejected": -80.30659484863281,
      "loss": 0.18246275186538696,
      "rewards/accuracies": 1.0,
      "rewards/chosen": 3.4479167461395264,
      "rewards/margins": 3.383661985397339,
      "rewards/rejected": 0.06425520777702332,
      "step": 20
    },
    {
      "epoch": 0.2484472049689441,
      "grad_norm": 0.3753091096878052,
      "learning_rate": 3.801652892561984e-05,
      "logits/chosen": -1.6144511699676514,
      "logits/rejected": -1.055017352104187,
      "logps/chosen": -273.9544982910156,
      "logps/rejected": -86.32596588134766,
      "loss": 0.10366722345352172,
      "rewards/accuracies": 1.0,
      "rewards/chosen": 3.6637282371520996,
      "rewards/margins": 3.5970458984375,
      "rewards/rejected": 0.06668242067098618,
      "step": 30
    },
    {
      "epoch": 0.33126293995859213,
      "grad_norm": 0.45316222310066223,
      "learning_rate": 3.388429752066116e-05,
      "logits/chosen": -1.7388556003570557,
      "logits/rejected": -1.1759527921676636,
      "logps/chosen": -340.616455078125,
      "logps/rejected": -87.65563201904297,
      "loss": 0.06694896221160888,
      "rewards/accuracies": 1.0,
      "rewards/chosen": 4.137999534606934,
      "rewards/margins": 4.076529026031494,
      "rewards/rejected": 0.06147073954343796,
      "step": 40
    },
    {
      "epoch": 0.4140786749482402,
      "grad_norm": 0.47380056977272034,
      "learning_rate": 2.975206611570248e-05,
      "logits/chosen": -1.5984902381896973,
      "logits/rejected": -1.0614901781082153,
      "logps/chosen": -257.8384094238281,
      "logps/rejected": -88.31254577636719,
      "loss": 0.06539000272750854,
      "rewards/accuracies": 0.9937499761581421,
      "rewards/chosen": 3.806213855743408,
      "rewards/margins": 3.780188798904419,
      "rewards/rejected": 0.02602500282227993,
      "step": 50
    },
    {
      "epoch": 0.4968944099378882,
      "grad_norm": 0.15173345804214478,
      "learning_rate": 2.5619834710743802e-05,
      "logits/chosen": -1.645911455154419,
      "logits/rejected": -1.118431806564331,
      "logps/chosen": -232.03173828125,
      "logps/rejected": -73.20964050292969,
      "loss": 0.056544774770736696,
      "rewards/accuracies": 0.9937499761581421,
      "rewards/chosen": 3.7975399494171143,
      "rewards/margins": 3.968484401702881,
      "rewards/rejected": -0.17094412446022034,
      "step": 60
    },
    {
      "epoch": 0.5797101449275363,
      "grad_norm": 0.27408722043037415,
      "learning_rate": 2.1487603305785127e-05,
      "logits/chosen": -1.7014042139053345,
      "logits/rejected": -1.100990891456604,
      "logps/chosen": -284.7630310058594,
      "logps/rejected": -74.6168441772461,
      "loss": 0.04466091394424439,
      "rewards/accuracies": 1.0,
      "rewards/chosen": 4.10286808013916,
      "rewards/margins": 4.20428991317749,
      "rewards/rejected": -0.10142190754413605,
      "step": 70
    },
    {
      "epoch": 0.6625258799171843,
      "grad_norm": 0.21290864050388336,
      "learning_rate": 1.735537190082645e-05,
      "logits/chosen": -1.7639329433441162,
      "logits/rejected": -1.1864898204803467,
      "logps/chosen": -295.6012268066406,
      "logps/rejected": -85.76478576660156,
      "loss": 0.0401596873998642,
      "rewards/accuracies": 1.0,
      "rewards/chosen": 4.191754341125488,
      "rewards/margins": 4.2505106925964355,
      "rewards/rejected": -0.05875666067004204,
      "step": 80
    },
    {
      "epoch": 0.7453416149068323,
      "grad_norm": 0.2308226078748703,
      "learning_rate": 1.322314049586777e-05,
      "logits/chosen": -1.7843749523162842,
      "logits/rejected": -1.200181007385254,
      "logps/chosen": -287.9411315917969,
      "logps/rejected": -80.39012145996094,
      "loss": 0.041966012120246886,
      "rewards/accuracies": 0.9937499761581421,
      "rewards/chosen": 4.293536186218262,
      "rewards/margins": 4.392724514007568,
      "rewards/rejected": -0.09918850660324097,
      "step": 90
    },
    {
      "epoch": 0.8281573498964804,
      "grad_norm": 0.3356727063655853,
      "learning_rate": 9.090909090909091e-06,
      "logits/chosen": -1.7845255136489868,
      "logits/rejected": -1.240509271621704,
      "logps/chosen": -303.05889892578125,
      "logps/rejected": -82.6169204711914,
      "loss": 0.0319322794675827,
      "rewards/accuracies": 1.0,
      "rewards/chosen": 4.671600818634033,
      "rewards/margins": 4.782105445861816,
      "rewards/rejected": -0.11050482839345932,
      "step": 100
    }
  ],
  "logging_steps": 10,
  "max_steps": 121,
  "num_input_tokens_seen": 0,
  "num_train_epochs": 1,
  "save_steps": 100,
  "stateful_callbacks": {
    "TrainerControl": {
      "args": {
        "should_epoch_stop": false,
        "should_evaluate": false,
        "should_log": false,
        "should_save": true,
        "should_training_stop": false
      },
      "attributes": {}
    }
  },
  "total_flos": 0.0,
  "train_batch_size": 2,
  "trial_name": null,
  "trial_params": null
}
