{
  "best_metric": null,
  "best_model_checkpoint": null,
  "epoch": 0.7990411506192568,
  "eval_steps": 500,
  "global_step": 500,
  "is_hyper_param_search": false,
  "is_local_process_zero": true,
  "is_world_process_zero": true,
  "log_history": [
    {
      "epoch": 0.07990411506192568,
      "grad_norm": 0.17430473864078522,
      "learning_rate": 0.00018400000000000003,
      "loss": 2.4538,
      "step": 50
    },
    {
      "epoch": 0.15980823012385137,
      "grad_norm": 0.22060392796993256,
      "learning_rate": 0.000168,
      "loss": 2.4108,
      "step": 100
    },
    {
      "epoch": 0.23971234518577705,
      "grad_norm": 0.19085676968097687,
      "learning_rate": 0.000152,
      "loss": 2.3869,
      "step": 150
    },
    {
      "epoch": 0.31961646024770274,
      "grad_norm": 0.17696253955364227,
      "learning_rate": 0.00013600000000000003,
      "loss": 2.3221,
      "step": 200
    },
    {
      "epoch": 0.3995205753096284,
      "grad_norm": 0.2666381597518921,
      "learning_rate": 0.00012,
      "loss": 2.3355,
      "step": 250
    },
    {
      "epoch": 0.4794246903715541,
      "grad_norm": 0.24304214119911194,
      "learning_rate": 0.00010400000000000001,
      "loss": 2.3291,
      "step": 300
    },
    {
      "epoch": 0.5593288054334798,
      "grad_norm": 0.19853658974170685,
      "learning_rate": 8.800000000000001e-05,
      "loss": 2.3597,
      "step": 350
    },
    {
      "epoch": 0.6392329204954055,
      "grad_norm": 0.18487343192100525,
      "learning_rate": 7.2e-05,
      "loss": 2.403,
      "step": 400
    },
    {
      "epoch": 0.7191370355573312,
      "grad_norm": 0.20320774614810944,
      "learning_rate": 5.6000000000000006e-05,
      "loss": 2.3515,
      "step": 450
    },
    {
      "epoch": 0.7990411506192568,
      "grad_norm": 0.20635762810707092,
      "learning_rate": 4e-05,
      "loss": 2.349,
      "step": 500
    }
  ],
  "logging_steps": 50,
  "max_steps": 625,
  "num_input_tokens_seen": 0,
  "num_train_epochs": 1,
  "save_steps": 500,
  "stateful_callbacks": {
    "TrainerControl": {
      "args": {
        "should_epoch_stop": false,
        "should_evaluate": false,
        "should_log": false,
        "should_save": true,
        "should_training_stop": false
      },
      "attributes": {}
    }
  },
  "total_flos": 9795163134873600.0,
  "train_batch_size": 4,
  "trial_name": null,
  "trial_params": null
}
