{
  "best_global_step": null,
  "best_metric": null,
  "best_model_checkpoint": null,
  "epoch": 0.8368200836820083,
  "eval_steps": 500,
  "global_step": 100,
  "is_hyper_param_search": false,
  "is_local_process_zero": true,
  "is_world_process_zero": true,
  "log_history": [
    {
      "epoch": 0.08368200836820083,
      "grad_norm": 1.960581660270691,
      "learning_rate": 4.6250000000000006e-05,
      "logits/chosen": -1.5969688892364502,
      "logits/rejected": -0.9721878170967102,
      "logps/chosen": -279.373779296875,
      "logps/rejected": -77.74870300292969,
      "loss": 0.30837173461914064,
      "rewards/accuracies": 0.9125000238418579,
      "rewards/chosen": 2.8957021236419678,
      "rewards/margins": 2.782299041748047,
      "rewards/rejected": 0.11340336501598358,
      "step": 10
    },
    {
      "epoch": 0.16736401673640167,
      "grad_norm": 0.6150459051132202,
      "learning_rate": 4.208333333333334e-05,
      "logits/chosen": -1.7359012365341187,
      "logits/rejected": -1.1177347898483276,
      "logps/chosen": -301.62030029296875,
      "logps/rejected": -77.914306640625,
      "loss": 0.1424988627433777,
      "rewards/accuracies": 1.0,
      "rewards/chosen": 3.9088997840881348,
      "rewards/margins": 3.870182752609253,
      "rewards/rejected": 0.03871678188443184,
      "step": 20
    },
    {
      "epoch": 0.2510460251046025,
      "grad_norm": 0.7371586561203003,
      "learning_rate": 3.791666666666667e-05,
      "logits/chosen": -1.5660266876220703,
      "logits/rejected": -1.099291205406189,
      "logps/chosen": -269.18267822265625,
      "logps/rejected": -86.9638442993164,
      "loss": 0.10412648916244507,
      "rewards/accuracies": 1.0,
      "rewards/chosen": 3.486865282058716,
      "rewards/margins": 3.347074031829834,
      "rewards/rejected": 0.13979090750217438,
      "step": 30
    },
    {
      "epoch": 0.33472803347280333,
      "grad_norm": 0.2437404841184616,
      "learning_rate": 3.375000000000001e-05,
      "logits/chosen": -1.5369513034820557,
      "logits/rejected": -0.9764398336410522,
      "logps/chosen": -262.98370361328125,
      "logps/rejected": -77.34419250488281,
      "loss": 0.07644538879394532,
      "rewards/accuracies": 1.0,
      "rewards/chosen": 3.676255702972412,
      "rewards/margins": 3.6967568397521973,
      "rewards/rejected": -0.02050103433430195,
      "step": 40
    },
    {
      "epoch": 0.41841004184100417,
      "grad_norm": 0.38344722986221313,
      "learning_rate": 2.9583333333333335e-05,
      "logits/chosen": -1.6589215993881226,
      "logits/rejected": -1.1916630268096924,
      "logps/chosen": -266.59088134765625,
      "logps/rejected": -80.70108032226562,
      "loss": 0.05264302492141724,
      "rewards/accuracies": 1.0,
      "rewards/chosen": 3.9754271507263184,
      "rewards/margins": 3.9627933502197266,
      "rewards/rejected": 0.012633356265723705,
      "step": 50
    },
    {
      "epoch": 0.502092050209205,
      "grad_norm": 0.28814753890037537,
      "learning_rate": 2.5416666666666667e-05,
      "logits/chosen": -1.7919355630874634,
      "logits/rejected": -1.1515209674835205,
      "logps/chosen": -301.32049560546875,
      "logps/rejected": -80.94367980957031,
      "loss": 0.044511225819587705,
      "rewards/accuracies": 1.0,
      "rewards/chosen": 4.170455455780029,
      "rewards/margins": 4.20538854598999,
      "rewards/rejected": -0.03493231534957886,
      "step": 60
    },
    {
      "epoch": 0.5857740585774058,
      "grad_norm": 0.3105827867984772,
      "learning_rate": 2.125e-05,
      "logits/chosen": -1.8044309616088867,
      "logits/rejected": -1.132423758506775,
      "logps/chosen": -346.35888671875,
      "logps/rejected": -87.84394073486328,
      "loss": 0.04010336697101593,
      "rewards/accuracies": 1.0,
      "rewards/chosen": 4.296774387359619,
      "rewards/margins": 4.291621685028076,
      "rewards/rejected": 0.005152501165866852,
      "step": 70
    },
    {
      "epoch": 0.6694560669456067,
      "grad_norm": 0.1845351904630661,
      "learning_rate": 1.7083333333333333e-05,
      "logits/chosen": -1.728520154953003,
      "logits/rejected": -1.0742238759994507,
      "logps/chosen": -262.8424072265625,
      "logps/rejected": -85.11549377441406,
      "loss": 0.0417571097612381,
      "rewards/accuracies": 1.0,
      "rewards/chosen": 4.169841766357422,
      "rewards/margins": 4.313349723815918,
      "rewards/rejected": -0.14350774884223938,
      "step": 80
    },
    {
      "epoch": 0.7531380753138075,
      "grad_norm": 0.5073384642601013,
      "learning_rate": 1.2916666666666668e-05,
      "logits/chosen": -1.7813518047332764,
      "logits/rejected": -1.2159227132797241,
      "logps/chosen": -261.8948974609375,
      "logps/rejected": -86.14830780029297,
      "loss": 0.035575786232948305,
      "rewards/accuracies": 1.0,
      "rewards/chosen": 4.31003475189209,
      "rewards/margins": 4.464986324310303,
      "rewards/rejected": -0.15495212376117706,
      "step": 90
    },
    {
      "epoch": 0.8368200836820083,
      "grad_norm": 0.26736873388290405,
      "learning_rate": 8.75e-06,
      "logits/chosen": -1.7243430614471436,
      "logits/rejected": -1.1540749073028564,
      "logps/chosen": -248.86264038085938,
      "logps/rejected": -77.63441467285156,
      "loss": 0.03221854865550995,
      "rewards/accuracies": 1.0,
      "rewards/chosen": 4.362644195556641,
      "rewards/margins": 4.518113613128662,
      "rewards/rejected": -0.15546956658363342,
      "step": 100
    }
  ],
  "logging_steps": 10,
  "max_steps": 120,
  "num_input_tokens_seen": 0,
  "num_train_epochs": 1,
  "save_steps": 100,
  "stateful_callbacks": {
    "TrainerControl": {
      "args": {
        "should_epoch_stop": false,
        "should_evaluate": false,
        "should_log": false,
        "should_save": true,
        "should_training_stop": false
      },
      "attributes": {}
    }
  },
  "total_flos": 0.0,
  "train_batch_size": 2,
  "trial_name": null,
  "trial_params": null
}
