{
  "best_global_step": null,
  "best_metric": null,
  "best_model_checkpoint": null,
  "epoch": 1.0,
  "eval_steps": 500,
  "global_step": 120,
  "is_hyper_param_search": false,
  "is_local_process_zero": true,
  "is_world_process_zero": true,
  "log_history": [
    {
      "epoch": 0.08368200836820083,
      "grad_norm": 1.9268076419830322,
      "learning_rate": 4.6250000000000006e-05,
      "logits/chosen": -1.5985887050628662,
      "logits/rejected": -0.984824001789093,
      "logps/chosen": -279.3775329589844,
      "logps/rejected": -77.625,
      "loss": 0.3136416435241699,
      "rewards/accuracies": 0.925000011920929,
      "rewards/chosen": 2.8949546813964844,
      "rewards/margins": 2.7673227787017822,
      "rewards/rejected": 0.1276317536830902,
      "step": 10
    },
    {
      "epoch": 0.16736401673640167,
      "grad_norm": 0.6176902055740356,
      "learning_rate": 4.208333333333334e-05,
      "logits/chosen": -1.7295677661895752,
      "logits/rejected": -1.1268746852874756,
      "logps/chosen": -301.5316467285156,
      "logps/rejected": -77.85176849365234,
      "loss": 0.14439353942871094,
      "rewards/accuracies": 1.0,
      "rewards/chosen": 3.9218597412109375,
      "rewards/margins": 3.8753676414489746,
      "rewards/rejected": 0.046491898596286774,
      "step": 20
    },
    {
      "epoch": 0.2510460251046025,
      "grad_norm": 0.7821399569511414,
      "learning_rate": 3.791666666666667e-05,
      "logits/chosen": -1.5597922801971436,
      "logits/rejected": -1.1086111068725586,
      "logps/chosen": -268.96124267578125,
      "logps/rejected": -86.76658630371094,
      "loss": 0.10459358692169189,
      "rewards/accuracies": 1.0,
      "rewards/chosen": 3.5107669830322266,
      "rewards/margins": 3.3516998291015625,
      "rewards/rejected": 0.1590670496225357,
      "step": 30
    },
    {
      "epoch": 0.33472803347280333,
      "grad_norm": 0.24917687475681305,
      "learning_rate": 3.375000000000001e-05,
      "logits/chosen": -1.5298936367034912,
      "logits/rejected": -0.9755157232284546,
      "logps/chosen": -262.78082275390625,
      "logps/rejected": -77.063720703125,
      "loss": 0.07709735035896301,
      "rewards/accuracies": 1.0,
      "rewards/chosen": 3.697504758834839,
      "rewards/margins": 3.689307451248169,
      "rewards/rejected": 0.008197440765798092,
      "step": 40
    },
    {
      "epoch": 0.41841004184100417,
      "grad_norm": 0.3890096843242645,
      "learning_rate": 2.9583333333333335e-05,
      "logits/chosen": -1.6509196758270264,
      "logits/rejected": -1.1957013607025146,
      "logps/chosen": -266.6747131347656,
      "logps/rejected": -80.43681335449219,
      "loss": 0.053195565938949585,
      "rewards/accuracies": 1.0,
      "rewards/chosen": 3.9658474922180176,
      "rewards/margins": 3.929672956466675,
      "rewards/rejected": 0.03617431968450546,
      "step": 50
    },
    {
      "epoch": 0.502092050209205,
      "grad_norm": 0.29175668954849243,
      "learning_rate": 2.5416666666666667e-05,
      "logits/chosen": -1.7842140197753906,
      "logits/rejected": -1.1471827030181885,
      "logps/chosen": -301.22613525390625,
      "logps/rejected": -80.62486267089844,
      "loss": 0.04588625431060791,
      "rewards/accuracies": 1.0,
      "rewards/chosen": 4.183425426483154,
      "rewards/margins": 4.187486171722412,
      "rewards/rejected": -0.004060590174049139,
      "step": 60
    },
    {
      "epoch": 0.5857740585774058,
      "grad_norm": 0.3200955092906952,
      "learning_rate": 2.125e-05,
      "logits/chosen": -1.7996470928192139,
      "logits/rejected": -1.1290528774261475,
      "logps/chosen": -346.2732238769531,
      "logps/rejected": -87.67826080322266,
      "loss": 0.04099652171134949,
      "rewards/accuracies": 1.0,
      "rewards/chosen": 4.307507514953613,
      "rewards/margins": 4.282093524932861,
      "rewards/rejected": 0.025413885712623596,
      "step": 70
    },
    {
      "epoch": 0.6694560669456067,
      "grad_norm": 0.19309033453464508,
      "learning_rate": 1.7083333333333333e-05,
      "logits/chosen": -1.7226355075836182,
      "logits/rejected": -1.074023962020874,
      "logps/chosen": -262.8171691894531,
      "logps/rejected": -84.77288818359375,
      "loss": 0.042481938004493715,
      "rewards/accuracies": 1.0,
      "rewards/chosen": 4.177229404449463,
      "rewards/margins": 4.285891532897949,
      "rewards/rejected": -0.10866208374500275,
      "step": 80
    },
    {
      "epoch": 0.7531380753138075,
      "grad_norm": 0.43908947706222534,
      "learning_rate": 1.2916666666666668e-05,
      "logits/chosen": -1.7747957706451416,
      "logits/rejected": -1.2194403409957886,
      "logps/chosen": -262.0793151855469,
      "logps/rejected": -85.83426666259766,
      "loss": 0.03654998242855072,
      "rewards/accuracies": 1.0,
      "rewards/chosen": 4.295059680938721,
      "rewards/margins": 4.418456554412842,
      "rewards/rejected": -0.12339703738689423,
      "step": 90
    },
    {
      "epoch": 0.8368200836820083,
      "grad_norm": 0.28325971961021423,
      "learning_rate": 8.75e-06,
      "logits/chosen": -1.7144781351089478,
      "logits/rejected": -1.1522290706634521,
      "logps/chosen": -248.8476104736328,
      "logps/rejected": -77.33696746826172,
      "loss": 0.03325672447681427,
      "rewards/accuracies": 1.0,
      "rewards/chosen": 4.361807823181152,
      "rewards/margins": 4.4876708984375,
      "rewards/rejected": -0.12586325407028198,
      "step": 100
    },
    {
      "epoch": 0.9205020920502092,
      "grad_norm": 0.16220369935035706,
      "learning_rate": 4.583333333333333e-06,
      "logits/chosen": -1.7663997411727905,
      "logits/rejected": -1.2667076587677002,
      "logps/chosen": -278.26568603515625,
      "logps/rejected": -83.63721466064453,
      "loss": 0.026415091753005982,
      "rewards/accuracies": 1.0,
      "rewards/chosen": 4.563479423522949,
      "rewards/margins": 4.712574005126953,
      "rewards/rejected": -0.1490948498249054,
      "step": 110
    },
    {
      "epoch": 1.0,
      "grad_norm": 0.1718074232339859,
      "learning_rate": 4.1666666666666667e-07,
      "logits/chosen": -1.8113881349563599,
      "logits/rejected": -1.1724321842193604,
      "logps/chosen": -273.8690185546875,
      "logps/rejected": -88.51226806640625,
      "loss": 0.028588715195655822,
      "rewards/accuracies": 1.0,
      "rewards/chosen": 4.388586521148682,
      "rewards/margins": 4.554905414581299,
      "rewards/rejected": -0.1663191318511963,
      "step": 120
    }
  ],
  "logging_steps": 10,
  "max_steps": 120,
  "num_input_tokens_seen": 0,
  "num_train_epochs": 1,
  "save_steps": 100,
  "stateful_callbacks": {
    "TrainerControl": {
      "args": {
        "should_epoch_stop": false,
        "should_evaluate": false,
        "should_log": false,
        "should_save": true,
        "should_training_stop": true
      },
      "attributes": {}
    }
  },
  "total_flos": 0.0,
  "train_batch_size": 2,
  "trial_name": null,
  "trial_params": null
}
